"common_name","binomial_name","family","categories","image_filename","mechanic_1","mechanic_2","extra_info","card_id","card_kind","copies","theme"
"Aquatic Milkweed","Asclepias perennis","Apocynaceae","plant · flowering","aquatic-milkweed.png","Host Plant: Monarch caterpillars feed only on Milkweed. Monarch gains +1 Population; this plant loses 1.","","","aquatic-milkweed","organism","4","sage"
"Frogfruit","Phyla nodiflora","Verbenaceae","plant · flowering","frogfruit.png","Drought Tolerant: On a Hot day, Frogfruit keeps its stored Water.","","","frogfruit","organism","3","sage"
"Blue Mistflower","Conoclinium coelestinum","Asteraceae","plant · flowering","blue-mistflower.png","Pollination: A Monarch Butterfly or Eastern Carpenter Bee and this plant each gain +1 Population.","Herbivory: Aphids may feed here; Aphids gain +1 Population and this plant loses 1.","","blue-mistflower","organism","3","sage"
"Texas Bluebonnet","Lupinus texensis","Fabaceae","plant · flowering","texas-bluebonnet.png","Pollination: An Eastern Carpenter Bee and this plant each gain +1 Population.","Herbivory: Aphids may feed here; Aphids gain +1 Population and this plant loses 1.","","texas-bluebonnet","organism","3","sage"
"Common Sunflower","Helianthus annuus","Asteraceae","plant · flowering","common-sunflower.png","Large Plant: This Sunflower may hold up to 4 Population.","Herbivory: Aphids may feed here; Aphids gain +1 Population and this plant loses 1.","","common-sunflower","organism","3","sage"
"Monarch Butterfly","Danaus plexippus","Nymphalidae","pollinator · herbivore","monarch-butterfly.png","Pollinate: This butterfly and a compatible flowering plant each gain +1 Population.","Caterpillar Feeding: Feed on Milkweed. Monarch gains +1 Population; Milkweed loses 1.","","monarch-butterfly","organism","4","sand"
"Eastern Carpenter Bee","Xylocopa virginica","Apidae","pollinator","eastern-carpenter-bee.png","Pollinate: This bee and any flowering plant each gain +1 Population.","","","eastern-carpenter-bee","organism","3","sand"
"Aphids","Aphis spp.","Aphididae","herbivore","aphids.png","Feed: Choose Milkweed, Blue Mistflower, Texas Bluebonnet, or Sunflower. Aphids gain +1 Population; that plant loses 1.","Honeydew Mutualism: When these Aphids feed, Fire Ants in the same plot also gain +1 Population.","","aphids","organism","3","sand"
"Milkweed Assassin Bug","Zelus longipes","Reduviidae","predator","milkweed-assassin-bug.png","Hunt: Choose Aphids, Monarch Butterflies, Eastern Carpenter Bees, or Parasitoid Wasps in any plot. This bug gains +1 Population; prey loses 1.","Ant Protection: Cannot hunt Aphids protected by Red Imported Fire Ants.","","milkweed-assassin-bug","organism","2","sky"
"Aphid Parasitoid Wasp","Lysiphlebus testaceipes","Braconidae","predator · parasitoid","aphid-parasitoid-wasp.png","Parasitize: Choose Aphids in any plot. This Wasp gains +1 Population; Aphids lose 1.","Specialist: This wasp targets only Aphids and cannot target those in a Fire Ant-protected plot.","","aphid-parasitoid-wasp","organism","2","sky"
"Red Imported Fire Ant","Solenopsis invicta","Formicidae","predator · mutualist","red-imported-fire-ant.png","Protection: Assassin Bugs and Parasitoid Wasps cannot hunt Aphids in this plot.","Hunt: Choose Monarch Butterflies, Eastern Carpenter Bees, Assassin Bugs, or Parasitoid Wasps. Fire Ants gain +1 Population; prey loses 1.","","red-imported-fire-ant","organism","2","sky"
"Brown Anole","Anolis sagrei","Dactyloidae","predator","brown-anole.png","Hunt: Choose any insect in any plot. This Anole gains +1 Population; prey loses 1.","Special Case: This Anole may hunt Aphids protected by Fire Ants.","","brown-anole","organism","2","sky"
"Carolina Wren","Thryothorus ludovicianus","Troglodytidae","predator","carolina-wren.png","Hunt: Choose any insect or Brown Anole in any plot. This Wren gains +1 Population; prey loses 1.","Special Case: This Wren may hunt Aphids protected by Fire Ants.","","carolina-wren","organism","2","sky"
"Turkey Tail Fungus","Trametes versicolor","Polyporaceae","decomposer · fungus","turkey-tail-fungus.png","Decompose: Turn 1 face-up organism in Compost face down on the bottom. Give one of your plants +1 Population.","","","turkey-tail-fungus","organism","2","lavender"
"Soil Bacterium","Bacillus subtilis","Bacillaceae","decomposer · bacterium","soil-bacterium.png","Decompose: Turn 1 face-up organism in Compost face down on the bottom. Give one of your plants +1 Population.","Multiply: turn 1 face-up organism in Compost face down on bottom. Give this organism +1 Population.","","soil-bacterium","organism","2","lavender"
"Rainstorm","","","Effect","rainstorm.png","Give every plant +1 Water, up to its 3-Water cap.","","","rainstorm","effect","2","rose"
"Drought","","","Effect","drought.png","Remove 1 Water from every plant that has any.","","","drought","effect","1","rose"
"Heat Wave","","","Effect","heat-wave.png","Remove 1 Water from every plant that has any. Then one of your plants with Water left gains +1 Population.","","","heat-wave","effect","1","rose"
"Compost Addition","","","Effect","compost-addition.png","Discard 1 organism card from your hand face up onto Compost.","","","compost-addition","effect","1","rose"
"Mulch","","","Effect","mulch.png","Place under one of your plants. Until the start of your next turn, it prevents that plant from losing Water to Hot-day evaporation.","","","mulch","effect","1","rose"
"Native Plant Boom","","","Effect","native-plant-boom.png","Choose one plant in your plot, including nonnative demo plants. It gains +1 Population.","","","native-plant-boom","effect","1","rose"
"Pesticide Spray","","","Effect","pesticide-spray.png","Choose one Garden Plot. Each insect there loses 1 Population.","","","pesticide-spray","effect","1","rose"