card_id,card_kind,copies,title,scientific_name,category,fact_1_label,fact_1_text,fact_2_label,fact_2_text,fact_3_label,fact_3_text,intro_text,section_1_label,section_1_text,section_2_label,section_2_text,image_filename,theme
aquatic-milkweed,organism,4,Aquatic Milkweed,Asclepias perennis,PLANT - FLOWERING,Pollinators,"Monarch Butterfly, Eastern Carpenter Bee",Herbivores,"Monarch Butterfly, Aphids",,,,Host Plant,Monarchs may use Caterpillar Feeding only on Milkweed.,,,,
frogfruit,organism,3,Frogfruit,Phyla nodiflora,PLANT - FLOWERING,Pollinators,"Monarch Butterfly, Eastern Carpenter Bee",,,,,,Drought Tolerant,Sunny weather does not remove stored Water from Frogfruit.,,,,
blue-mistflower,organism,3,Blue Mistflower,Conoclinium coelestinum,PLANT - FLOWERING,Pollinators,"Monarch Butterfly, Eastern Carpenter Bee",Herbivores,Aphids,,,,,,,,,
texas-bluebonnet,organism,3,Texas Bluebonnet,Lupinus texensis,PLANT - FLOWERING,Pollinator,Eastern Carpenter Bee,Herbivore,Aphids,,,,,,,,,
common-sunflower,organism,3,Common Sunflower,Helianthus annuus,PLANT - FLOWERING,Pollinators,"Monarch Butterfly, Eastern Carpenter Bee",Herbivore,Aphids,,,,Large Plant,Sunflower may hold up to 4 Population.,,,,
monarch-butterfly,organism,4,Monarch Butterfly,Danaus plexippus,POLLINATOR - HERBIVORE,,,,,,,Choose one action:,Pollinate,"Visit Milkweed, Frogfruit, Blue Mistflower, or Sunflower. Monarch +1 Population; plant +1 Population.",Caterpillar Feeding,Feed on Milkweed. Monarch +1 Population; Milkweed -1 Population.,,
eastern-carpenter-bee,organism,3,Eastern Carpenter Bee,Xylocopa virginica,POLLINATOR,,,,,,,,Generalist Pollinator,May Pollinate any flowering plant in the garden.,,,,
aphids,organism,3,Aphids,Aphis spp.,HERBIVORE,,,,,,,,Feed,"Milkweed, Blue Mistflower, Bluebonnet, or Sunflower. Aphids +1 Population; plant -1 Population.",Honeydew Mutualism,"If Aphids and Red Imported Fire Ants are in the same Garden Plot, whenever these Aphids successfully Feed, the Fire Ants also gain +1 Population. While protected by Fire Ants, these Aphids cannot be hunted by Milkweed Assassin Bugs or Aphid Parasitoid Wasps. Brown Anoles and Carolina Wrens can still hunt them.",,
milkweed-assassin-bug,organism,2,Milkweed Assassin Bug,Zelus longipes,PREDATOR,,,,,,,,Hunt,"Aphids, Monarch Butterflies, Eastern Carpenter Bees, or Aphid Parasitoid Wasps anywhere in the garden.",,Cannot hunt Aphids protected by Red Imported Fire Ants.,,
aphid-parasitoid-wasp,organism,2,Aphid Parasitoid Wasp,Lysiphlebus testaceipes,PREDATOR - PARASITOID,,,,,,,,Parasitize,Hunt Aphids anywhere in the garden.,Specialist,Cannot hunt other organisms. Cannot hunt Aphids protected by Red Imported Fire Ants.,,
red-imported-fire-ant,organism,2,Red Imported Fire Ant,Solenopsis invicta,PREDATOR - MUTUALIST,,,,,,,,Honeydew Mutualism,"Protect Aphids in your Garden Plot. Whenever those Aphids successfully Feed, Fire Ants gain +1 Population.",Hunt,"Monarch Butterfly, Eastern Carpenter Bee, Milkweed Assassin Bug, or Aphid Parasitoid Wasp.",,
brown-anole,organism,2,Brown Anole,Anolis sagrei,PREDATOR,,,,,,,,Hunt,Any insect anywhere in the garden.,,Fire Ant protection does not protect Aphids from Brown Anoles.,,
carolina-wren,organism,2,Carolina Wren,Thryothorus ludovicianus,PREDATOR,,,,,,,,Hunt,Any insect or Brown Anole anywhere in the garden.,,,,
turkey-tail-fungus,organism,2,Turkey Tail Fungus,Trametes versicolor,DECOMPOSER - FUNGUS,,,,,,,,Decompose,Move 1 Compost counter to the Nutrient position beside one of your plants. Turkey Tail gains +1 Population.,,,,
soil-bacterium,organism,2,Soil Bacterium,Bacillus subtilis,DECOMPOSER - BACTERIUM,,,,,,,,Decompose,Move 1 Compost counter to the Nutrient position beside one of your plants.,Rapid Recycling,"At 2+ Population, it may instead move 2 Compost to 2 Nutrients with one activation.",,
rainstorm,effect,2,Rainstorm,Effect card,EFFECT - play instead of an organism,,,,,,,,,Add 1 Water below every plant in the garden.,,,,
drought,effect,1,Drought,Effect card,EFFECT - play instead of an organism,,,,,,,,,Remove 1 Water from every plant in the garden that has Water.,,,,
heat-wave,effect,1,Heat Wave,Effect card,EFFECT - play instead of an organism,,,,,,,,,Remove 1 Water from every plant in the garden. Then choose one plant you control; it gains +1 Population if it still has at least 1 Water remaining.,,,,
compost-addition,effect,1,Compost Addition,Effect card,EFFECT - play instead of an organism,,,,,,,,,Add 2 counters from the supply directly to the shared Compost area.,,,,
mulch,effect,1,Mulch,Effect card,EFFECT - play instead of an organism,,,,,,,,,Choose one plant you control. Place this card under it until the start of your next turn. Sunny-weather evaporation does not remove Water from that plant. Then discard Mulch.,,,,
native-plant-boom,effect,1,Native Plant Boom,Effect card,EFFECT - play instead of an organism,,,,,,,,,"Choose one native plant you control. It gains +1 Population, up to its maximum.",,,,
pesticide-spray,effect,1,Pesticide Spray,Effect card,EFFECT - play instead of an organism,,,,,,,,,Choose one Garden Plot. Every insect in that plot loses 1 Population. Move all lost Population to Compost.,,,,
