"common_name","scientific_name","family","categories","image_filename","mechanic_1","mechanic_2","extra_info","card_id","card_kind","copies","theme"
"Inland sea oats","Chasmanthium latifolium","Poaceae","plant · grass","inland-sea-oats.png","Grow: In Plant Growth, spend 1 Light + 1 Water for +1 Population. Repeat up to maximum 3.","","Seeds feed Northern cardinal; leaves feed Grasshopper. Maximum 3 Population.","0c5f4f52-0f9d-4015-af4c-300632061d00","organism","3","sage"
"Pink evening primrose","Oenothera speciosa","Onagraceae","plant · flowering","pink-evening-primrose.png","Grow: In Plant Growth, spend 1 Light + 1 Water for +1 Population. Repeat up to maximum 3.","Spread Underground: Once per Plant Growth, spend 2 Water for +1 Population without Light.","Spreads by underground stems. Hoverfly visits its flowers. Maximum 3 Population.","0cbb21a9-cc51-4fe8-bf5e-5b005000ade2","organism","3","sage"
"Firewheel","Gaillardia pulchella","Asteraceae","plant · flowering","firewheel.png","Grow: In Plant Growth, spend 1 Light + 1 Water for +1 Population. Repeat up to maximum 3.","","Phaon crescent and Hoverfly visit its flowers. Maximum 3 Population.","4a31289e-f076-46a7-ad15-0db73c0282d1","organism","3","sage"
"Sunflower","Helianthus annuus","Asteraceae","plant · flowering","sunflower.png","Grow: In Plant Growth, spend 1 Light + 1 Water for +1 Population. Repeat up to maximum 3.","","Seeds feed Northern cardinal. Flowers feed Phaon crescent and Hoverfly. Maximum 3.","2f790295-01fc-4308-b4dc-7f2ce583a950","organism","3","sage"
"Crape myrtle","Lagerstroemia indica","Lythraceae","plant · tree · shelter","crape-myrtle.png","Grow: In Plant Growth, spend 1 Light + 1 Water for +1 Population. Repeat up to maximum 3.","Shelter: Activate to shelter your Green anole or Northern cardinal. Block its next loss of 1 Population before your next turn.","One Shelter per animal. Crape myrtle aphid feeds on this tree. Maximum 3.","36559ae4-68c7-4fa9-950f-08c11439126e","organism","3","sage"
"Frogfruit","Phyla nodiflora","Verbenaceae","plant · flowering · host","frogfruit.png","Grow: In Plant Growth, spend 1 Light + 1 Water for +1 Population. Repeat up to maximum 3.","","Phaon crescent host plant; flowers feed adult crescents and Hoverflies. Maximum 3.","7e13bd38-66a1-4487-8ac4-086a6752a7a1","organism","3","sage"
"Sideoats grama","Bouteloua curtipendula","Poaceae","plant · grass","sideoats-grama.png","Grow: In Plant Growth, spend 1 Light + 1 Water for +1 Population. Repeat up to maximum 3.","","Seeds feed Northern cardinal; leaves feed Grasshopper. Maximum 3 Population.","e077c7e9-0c34-4667-ab82-1b4ac0384a07","organism","3","sage"
"Mealy blue sage","Salvia farinacea","Lamiaceae","plant · flowering","mealy-blue-sage.png","Grow: In Plant Growth, spend 1 Light + 1 Water for +1 Population. Repeat up to maximum 3.","Pollinator Invitation: Activate; spend 1 Light to add Bloom. Next Hoverfly visit gives it an extra +1 Population. Remove Bloom.","One Bloom per plant; expires at your next turn. Maximum 3 Population.","b2485060-7ec4-477d-9c55-dfc9471358b0","organism","3","sage"
"Phaon crescent","Phyciodes phaon","Nymphalidae","pollinator · butterfly · herbivore","phaon-crescent.png","Caterpillar Munch: Feed on Frogfruit anywhere. Crescent +1 Population; Frogfruit -1 Population.","Butterfly Visit: Pollinate Frogfruit, Firewheel, or Sunflower anywhere. Both gain +1 Population.","One card represents both life stages. Enter with 1 Population; maximum 3.","944a9a4b-e9df-4e88-8047-f1ce84ec81c0","organism","2","sand"
"Northern cardinal","Cardinalis cardinalis","Cardinalidae","bird · omnivore","northern-cardinal.png","Crack Seeds: Feed on Sunflower, Inland sea oats, or Sideoats grama anywhere. Cardinal +1 Population; plant -1 Population.","Catch Insects: Hunt Grasshopper, Phaon crescent, or Hoverfly anywhere. Cardinal +1 Population; prey -1 Population.","Enter with 1 Population; maximum 3. Choose one action when activated.","3e9a50c4-26c4-472d-a47d-0e33b858484b","organism","2","sky"
"Hoverfly","Allograpta obliqua","Syrphidae","pollinator · fly · predator","hoverfly.png","Flower Visit: Pollinate Frogfruit, Firewheel, Sunflower, Pink evening primrose, or Mealy blue sage anywhere. Both +1 Population.","Hungry Larva: Hunt Crape myrtle aphid anywhere. Hoverfly +1 Population; aphid -1 Population.","Adults visit flowers; larvae eat aphids. Enter with 1 Population; maximum 3.","001c98e6-2599-4101-a83c-eb2ab47e3d9e","organism","2","sand"
"Pillbug","Armadillidium vulgare","Armadillidiidae","detritivore · crustacean","pillbug.png","Shred Leaf Litter: Turn one face-up plant in Compost face down; move it to the bottom. Give one of your plants +1 Population.","Hide in Mulch: After Shred Leaf Litter, shelter this Pillbug. Block its next loss of 1 Population before your next turn.","Always playable. Shredding gives Pillbug no Population. Enter with 1; maximum 3.","3da33ed1-be22-4313-9ec9-f59e4c75de98","organism","2","sand"
"Grasshopper","Melanoplus differentialis","Acrididae","herbivore · insect","grasshopper.png","Munch Leaves: Feed on Inland sea oats, Sideoats grama, Sunflower, or Pink evening primrose anywhere. Hopper +1; plant -1 Population.","Jump Away: When hunted, if at 2+ Population, spend 1 Population to cancel the hunt. Hunter gains nothing. Once per round.","Jump Away is a reaction, not an activation. Enter with 1 Population; maximum 3.","bc03dc99-adbe-4530-af2b-acb821258a13","organism","2","sand"
"Green anole","Anolis carolinensis","Dactyloidae","predator · reptile","green-anole.png","Snap Up Insects: Hunt Grasshopper, Hoverfly, or Phaon crescent anywhere. Anole +1 Population; prey -1 Population.","Territorial Display: Choose an opponent's Green anole. It cannot hunt until your next turn. Each target: once per round.","Use a Territory marker. Enter with 1 Population; maximum 3.","fb1f3892-1ada-48a7-b406-b164e7271068","organism","2","sand"
"Crape myrtle aphid","Tinocallis kahawaluokalani","Aphididae","herbivore · sap feeder","crape-myrtle-aphid.png","Sip Sap: Feed on Crape myrtle anywhere. Aphid +1 Population; tree -1 Population.","","Prey for Hoverfly larvae. Enter with 1 Population; maximum 3.","30ac3db6-bb17-4c8c-add0-83feffb98f70","organism","2","sand"
